{
  "unit": "px",
  "feature_names": [
    "num_inlier_norm",
    "flow_mag_mean",
    "flow_mag_std",
    "baseline_m",
    "yaw_rate",
    "speed_proxy",
    "roll",
    "pitch"
  ],
  "standardize": {
    "enable": true,
    "mean": [
      0.3348592221736908,
      1.5039609670639038,
      1.6427693367004395,
      0.10807201266288757,
      2.133112047886243e-06,
      0.1080719530582428,
      0.0,
      0.0
    ],
    "std": [
      0.7790960669517517,
      2.924633026123047,
      3.183283805847168,
      0.20767603814601898,
      0.0007039660704322159,
      0.20767584443092346,
      9.999999960041972e-13,
      9.999999960041972e-13
    ]
  },
  "random": {
    "base_seed": 42,
    "seeds": {
      "train": 1042,
      "val": 2042,
      "test": 3042
    },
    "target_cover": {
      "pure_rot": 0.15,
      "low_parallax": 0.2,
      "inlier_drop": 0.1
    },
    "dur_s": [
      0.8,
      2.0
    ],
    "cooldown_s": 0.3
  }
}