{
  "unit": "px",
  "feature_names": [
    "num_inlier_norm",
    "flow_mag_mean",
    "flow_mag_std",
    "baseline_m",
    "yaw_rate",
    "speed_proxy",
    "roll",
    "pitch"
  ],
  "standardize": {
    "enable": true,
    "mean": [
      139.2588348388672,
      6.0764360427856445,
      5.431805610656738,
      0.507104218006134,
      5.179025902180001e-05,
      5.070706367492676,
      0.0,
      0.0
    ],
    "std": [
      59.28245544433594,
      2.250150203704834,
      0.34627893567085266,
      0.007110604550689459,
      0.13565301895141602,
      0.0717238336801529,
      9.999999960041972e-13,
      9.999999960041972e-13
    ]
  },
  "random": {
    "base_seed": 42,
    "seeds": {
      "train": 1042,
      "val": 2042,
      "test": 3042
    },
    "target_cover": {
      "pure_rot": 0.15,
      "low_parallax": 0.2,
      "inlier_drop": 0.1
    },
    "dur_s": [
      0.8,
      2.0
    ],
    "cooldown_s": 0.3
  }
}