{
  "unit": "px",
  "feature_names": [
    "num_inlier_norm",
    "flow_mag_mean",
    "flow_mag_std",
    "baseline_m",
    "yaw_rate",
    "speed_proxy",
    "roll",
    "pitch"
  ],
  "standardize": {
    "enable": true,
    "mean": [
      0.30176421999931335,
      13.082270622253418,
      8.50932502746582,
      0.5723932385444641,
      -0.006364355329424143,
      11.44816780090332,
      -0.008772097527980804,
      -0.0007428960525430739
    ],
    "std": [
      0.1152833104133606,
      5.540742874145508,
      2.471423387527466,
      0.31473228335380554,
      0.1979846954345703,
      6.294612884521484,
      0.25778621435165405,
      0.08055956661701202
    ]
  },
  "random": {
    "base_seed": 42,
    "seeds": {
      "train": 1042,
      "val": 2042,
      "test": 3042
    },
    "target_cover": {
      "pure_rot": 0.15,
      "low_parallax": 0.2,
      "inlier_drop": 0.1
    },
    "dur_s": [
      0.8,
      2.0
    ],
    "cooldown_s": 0.3
  }
}