{
  "unit": "px",
  "feature_names": [
    "num_inlier_norm",
    "flow_mag_mean",
    "flow_mag_std",
    "baseline_m",
    "yaw_rate",
    "speed_proxy",
    "roll",
    "pitch"
  ],
  "standardize": {
    "enable": true,
    "mean": [
      0.37410759925842285,
      6.8927998542785645,
      5.757157802581787,
      0.5071019530296326,
      9.350521395390388e-06,
      5.070683002471924,
      0.0,
      0.0
    ],
    "std": [
      0.12683264911174774,
      3.138031482696533,
      3.3717989921569824,
      0.007104541175067425,
      0.13565488159656525,
      0.07166388630867004,
      9.999999960041972e-13,
      9.999999960041972e-13
    ]
  },
  "random": {
    "base_seed": 42,
    "seeds": {
      "train": 1042,
      "val": 2042,
      "test": 3042
    },
    "target_cover": {
      "pure_rot": 0.15,
      "low_parallax": 0.2,
      "inlier_drop": 0.1
    },
    "dur_s": [
      0.8,
      2.0
    ],
    "cooldown_s": 0.3
  }
}